Model,NDCG@5,Recall@5,NDCG@10,Recall@10,NDCG@20,Recall@20,NDCG@50,Recall@50,MAP@20,Coverage@20,Mean recommendation popularity@20,Europe wide Exposure@20,Europe wide CatalogueGap@20,Europe wide InteractionGap@20,Europe wide RelevantTestGap@20,Europe wide PACPG@20,EU27 Exposure@20,EU27 CatalogueGap@20,EU27 InteractionGap@20,EU27 RelevantTestGap@20,EU27 PACPG@20,US origin Exposure@20,US origin CatalogueGap@20,US origin InteractionGap@20,US origin RelevantTestGap@20,US origin PACPG@20,Non-English Exposure@20,Non-English CatalogueGap@20,Non-English InteractionGap@20,Non-English RelevantTestGap@20,Non-English PACPG@20,Long-tail 20 Exposure@20,Long-tail 20 CatalogueGap@20,Long-tail 20 InteractionGap@20,Long-tail 20 RelevantTestGap@20,Long-tail 20 PACPG@20,Blockbuster-head Exposure@20,Blockbuster-head CatalogueGap@20,Blockbuster-head InteractionGap@20,Blockbuster-head RelevantTestGap@20,Blockbuster-head PACPG@20,Spain-origin Exposure@20,Spain-origin CatalogueGap@20,Spain-origin InteractionGap@20,Spain-origin RelevantTestGap@20,Spain-origin PACPG@20,Spanish-language Exposure@20,Spanish-language CatalogueGap@20,Spanish-language InteractionGap@20,Spanish-language RelevantTestGap@20,Spanish-language PACPG@20,European Spanish-language Exposure@20,European Spanish-language CatalogueGap@20,European Spanish-language InteractionGap@20,European Spanish-language RelevantTestGap@20,European Spanish-language PACPG@20,variant,lambda
Hybrid rerank combined lambda=0.0,0.13922836934187044,0.08358488776581259,0.14567004126401875,0.13628166209365708,0.16682063943099146,0.21088323713025672,0.1991697035626473,0.3048644964305533,0.07909270935752995,0.2767972449418855,19966.405,0.18228919761884768,-0.12467332807556017,-0.03910400180398649,-0.018304985659876677,-0.018304985659876677,0.10703891125077297,-0.0975676348937482,-0.009771869363633334,0.006938241845127369,0.006938241845127369,0.9705390059298499,0.3062792684081085,0.0651485655919325,0.04191300206616855,0.03779380717584857,0.013166708910002456,-0.1724655052891226,-0.030311777709820298,-0.022052114948958285,-0.022052114948958285,0.0,-0.0209771780951879,0.0,0.0,0.0,0.9982028687907529,0.7104255009522455,0.03049204389572302,0.013624624250520245,-0.0008084354006558936,0.0023021180955816096,-0.018253408178597486,-0.005394735636971413,-0.004016000853306417,-0.004016000853306417,0.018937822978796693,-0.00962908789454964,-0.002665622868503588,0.0018975157271732823,-0.00288342551590616,0.005041380176611516,-0.011771986186114462,-0.003236407112905745,-0.0015028217756052282,-0.0015028217756052282,combined,0.0
Hybrid rerank combined lambda=0.1,0.11608668639738984,0.07329446214809096,0.1196839185413432,0.11063090450907205,0.13322855466617697,0.1583972397568608,0.15946347165775368,0.23587860311044248,0.06414323573518982,0.2212656048213517,15219.305375,0.6732713750340822,0.36630884933967434,0.451878175611248,0.47267719175535783,0.47267719175535783,0.5010593975212103,0.29645285137668914,0.384248616906804,0.4009587281155647,0.4009587281155647,0.6834982422032537,0.019238504681512336,-0.22189219813466365,-0.2451277616604276,-0.24924695655074758,0.28045364400530715,0.09482142980618208,0.2369751573854844,0.2452348201463464,0.2452348201463464,0.0,-0.0209771780951879,0.0,0.0,0.0,0.9921347962336665,0.7043574283951592,0.024423971338636608,0.007556551693433833,-0.006876507957742306,0.05347375483170262,0.03291822855752352,0.0457769010991496,0.047155635882814594,0.047155635882814594,0.0504036781541304,0.02183676728078407,0.028800232306830122,0.03336337090250699,0.02858242965942755,0.04679205377395748,0.029978687411231504,0.03851426648444022,0.04024785182174074,0.04024785182174074,combined,0.1
Hybrid rerank combined lambda=0.2,0.05180329356472466,0.03294874472986696,0.05077098785883414,0.043831438108210295,0.05837951660693979,0.06723884274476921,0.07436607710292137,0.1103488055926007,0.026124051911600304,0.11967283684890229,7556.8315,0.9589566031037698,0.651994077409362,0.7375634036809356,0.7583624198250455,0.7583624198250455,0.8649383938191778,0.6603318476746567,0.7481276132047715,0.7648377244135323,0.7648377244135323,0.2021980128038821,-0.4620617247178593,-0.7031924275340353,-0.7264279910597993,-0.7305471859501191,0.7848047638206864,0.5991725496215614,0.7413262772008636,0.7495859399617257,0.7495859399617257,0.0,-0.0209771780951879,0.0,0.0,0.0,0.9746467783580712,0.6868694105195638,0.006935953463041322,-0.009931466182161452,-0.02436452583333759,0.15997829081788084,0.13942276454370175,0.15228143708532782,0.1536601718689928,0.1536601718689928,0.10924053111529403,0.08067362024194769,0.08763708526799374,0.09220022386367062,0.08741928262059118,0.10853283181405217,0.0917194654513262,0.1002550445245349,0.10198862986183542,0.10198862986183542,combined,0.2
Hybrid rerank combined lambda=0.3,0.025314318046063624,0.015298591885635171,0.024589948773621296,0.020105212765654527,0.027898017204910096,0.03118759845747836,0.03521544706807933,0.05161885446165755,0.012854899791368722,0.056392595781317265,4955.496125,0.998580541442299,0.6916180157478912,0.7771873420194648,0.7979863581635747,0.7979863581635747,0.9603628904205211,0.755756344276,0.8435521098061148,0.8602622210148756,0.8602622210148756,0.04336983526324764,-0.6208899022584937,-0.8620206050746697,-0.8852561686004337,-0.8893753634907536,0.9533231227639968,0.7676909085648718,0.909844636144174,0.9181042989050361,0.9181042989050361,0.0,-0.0209771780951879,0.0,0.0,0.0,0.9656352623012822,0.6778578944627749,-0.0020755625937477484,-0.018942982238950523,-0.03337604189012666,0.19298541920846166,0.17242989293428257,0.18528856547590863,0.18666730025957362,0.18666730025957362,0.12497153398288945,0.09640462310954312,0.10336808813558916,0.10793122673126604,0.1031502854881866,0.12487826710697333,0.10806490074424735,0.11660047981745607,0.11833406515475658,0.11833406515475658,combined,0.3
Hybrid rerank combined lambda=0.4,0.019573601500028088,0.011284229055482866,0.018471013948550642,0.014144764770667057,0.019558607774199262,0.019967099292900248,0.0238120267316816,0.03327639814218969,0.009233919940353764,0.03659061558329746,4295.141125,0.9999999999999999,0.693037474305592,0.7786068005771657,0.7994058167212755,0.7994058167212755,0.9790925861006369,0.7744860399561158,0.8622818054862306,0.8789919166949913,0.8789919166949913,0.00953117424647317,-0.6547285632752682,-0.8958592660914442,-0.9190948296172081,-0.9232140245075281,0.990319634539518,0.8046874203403929,0.9468411479196952,0.9551008106805573,0.9551008106805573,0.0,-0.0209771780951879,0.0,0.0,0.0,0.9629245062784583,0.675147138439951,-0.004786318616571639,-0.021653738261774413,-0.03608679791295055,0.19970809976264556,0.17915257348846647,0.19201124603009254,0.19338998081375752,0.19338998081375752,0.12835276402854826,0.09978585315520191,0.10674931818124797,0.11131245677692485,0.1065315155338454,0.12835276402854826,0.11153939766582227,0.12007497673903099,0.1218085620763315,0.1218085620763315,combined,0.4
Hybrid rerank combined lambda=0.5,0.014587223314314052,0.008569943341197152,0.013662962077159176,0.01123817136407365,0.014778564983851484,0.016977172552973513,0.01751397690785563,0.025448260088722686,0.005561546664120193,0.028842014636246232,4160.4315,0.9999999999999999,0.693037474305592,0.7786068005771657,0.7994058167212755,0.7994058167212755,0.9839267995131686,0.7793202533686474,0.8671160188987623,0.883826130107523,0.883826130107523,0.002164052596968092,-0.6620956849247733,-0.9032263877409493,-0.9264619512667133,-0.9305811461570332,0.9980079802654188,0.8123757660662938,0.954529493645596,0.9627891564064581,0.9627891564064581,0.0,-0.0209771780951879,0.0,0.0,0.0,0.9623755462516729,0.6745981784131656,-0.005335278643357033,-0.022202698288559808,-0.03663575793973595,0.20093454584359216,0.18037901956941307,0.19323769211103914,0.19461642689470413,0.19461642689470413,0.12939423443852988,0.10082732356518354,0.10779078859122959,0.11235392718690647,0.10757298594382703,0.12939423443852988,0.11258086807580389,0.12111644714901261,0.12285003248631313,0.12285003248631313,combined,0.5
Hybrid rerank combined lambda=0.6,0.01308658166253855,0.005569943341197152,0.012162320425383672,0.00823817136407365,0.012347220543513273,0.011620029695830654,0.015419250708895573,0.02195833334879595,0.004599550327123857,0.027120103314679293,4109.999875,0.9999999999999999,0.693037474305592,0.7786068005771657,0.7994058167212755,0.7994058167212755,0.9853882061442895,0.7807816599997683,0.8685774255298832,0.8852875367386439,0.8852875367386439,0.00034440161561994726,-0.6639153359061214,-0.9050460387222974,-0.9282816022480613,-0.9324007971383813,0.9998276312467671,0.814195417047642,0.9563491446269443,0.9646088073878064,0.9646088073878064,0.0,-0.0209771780951879,0.0,0.0,0.0,0.9623530775363682,0.6745757096978608,-0.00535774735866168,-0.022225167003864454,-0.03665822665504059,0.20119011115515306,0.18063458488097398,0.19349325742260004,0.19487199220626503,0.19487199220626503,0.1295650090490285,0.10099809817568217,0.10796156320172823,0.1125247017974051,0.10774376055432566,0.1295650090490285,0.11275164268630253,0.12128722175951125,0.12302080709681176,0.12302080709681176,combined,0.6
Hybrid rerank combined lambda=0.7,0.01308658166253855,0.005569943341197152,0.012162320425383672,0.00823817136407365,0.012347220543513273,0.011620029695830654,0.014462872272728277,0.018351190491653093,0.004599550327123857,0.026259147653895823,4102.3035,0.9999999999999999,0.693037474305592,0.7786068005771657,0.7994058167212755,0.7994058167212755,0.9854752631679531,0.7808687170234319,0.8686644825535468,0.8853745937623074,0.8853745937623074,0.0001720328623871277,-0.6640877046593543,-0.9052184074755303,-0.9284539710012942,-0.9325731658916142,0.9999999999999999,0.8143677858008749,0.9565215133801771,0.9647811761410392,0.9647811761410392,0.0,-0.0209771780951879,0.0,0.0,0.0,0.9623530775363682,0.6745757096978608,-0.00535774735866168,-0.022225167003864454,-0.03665822665504059,0.20127095688302388,0.1807154306088448,0.19357410315047086,0.19495283793413584,0.19495283793413584,0.1295650090490285,0.10099809817568217,0.10796156320172823,0.1125247017974051,0.10774376055432566,0.1295650090490285,0.11275164268630253,0.12128722175951125,0.12302080709681176,0.12302080709681176,combined,0.7
Hybrid rerank combined lambda=0.8,0.01308658166253855,0.005569943341197152,0.012162320425383672,0.00823817136407365,0.012347220543513273,0.011620029695830654,0.014462872272728277,0.018351190491653093,0.004599550327123857,0.026259147653895823,4102.3035,0.9999999999999999,0.693037474305592,0.7786068005771657,0.7994058167212755,0.7994058167212755,0.9854752631679531,0.7808687170234319,0.8686644825535468,0.8853745937623074,0.8853745937623074,0.0001720328623871277,-0.6640877046593543,-0.9052184074755303,-0.9284539710012942,-0.9325731658916142,0.9999999999999999,0.8143677858008749,0.9565215133801771,0.9647811761410392,0.9647811761410392,0.0,-0.0209771780951879,0.0,0.0,0.0,0.9623530775363682,0.6745757096978608,-0.00535774735866168,-0.022225167003864454,-0.03665822665504059,0.20127095688302388,0.1807154306088448,0.19357410315047086,0.19495283793413584,0.19495283793413584,0.1295650090490285,0.10099809817568217,0.10796156320172823,0.1125247017974051,0.10774376055432566,0.1295650090490285,0.11275164268630253,0.12128722175951125,0.12302080709681176,0.12302080709681176,combined,0.8
Hybrid rerank combined lambda=0.9,0.01308658166253855,0.005569943341197152,0.012162320425383672,0.00823817136407365,0.012347220543513273,0.011620029695830654,0.014462872272728277,0.018351190491653093,0.004599550327123857,0.026259147653895823,4102.3035,0.9999999999999999,0.693037474305592,0.7786068005771657,0.7994058167212755,0.7994058167212755,0.9854752631679531,0.7808687170234319,0.8686644825535468,0.8853745937623074,0.8853745937623074,0.0001720328623871277,-0.6640877046593543,-0.9052184074755303,-0.9284539710012942,-0.9325731658916142,0.9999999999999999,0.8143677858008749,0.9565215133801771,0.9647811761410392,0.9647811761410392,0.0,-0.0209771780951879,0.0,0.0,0.0,0.9623530775363682,0.6745757096978608,-0.00535774735866168,-0.022225167003864454,-0.03665822665504059,0.20127095688302388,0.1807154306088448,0.19357410315047086,0.19495283793413584,0.19495283793413584,0.1295650090490285,0.10099809817568217,0.10796156320172823,0.1125247017974051,0.10774376055432566,0.1295650090490285,0.11275164268630253,0.12128722175951125,0.12302080709681176,0.12302080709681176,combined,0.9
Hybrid rerank combined lambda=1.0,0.01308658166253855,0.005569943341197152,0.012162320425383672,0.00823817136407365,0.012347220543513273,0.011620029695830654,0.014462872272728277,0.018351190491653093,0.004599550327123857,0.026259147653895823,4102.3035,0.9999999999999999,0.693037474305592,0.7786068005771657,0.7994058167212755,0.7994058167212755,0.9854752631679531,0.7808687170234319,0.8686644825535468,0.8853745937623074,0.8853745937623074,0.0001720328623871277,-0.6640877046593543,-0.9052184074755303,-0.9284539710012942,-0.9325731658916142,0.9999999999999999,0.8143677858008749,0.9565215133801771,0.9647811761410392,0.9647811761410392,0.0,-0.0209771780951879,0.0,0.0,0.0,0.9623530775363682,0.6745757096978608,-0.00535774735866168,-0.022225167003864454,-0.03665822665504059,0.20127095688302388,0.1807154306088448,0.19357410315047086,0.19495283793413584,0.19495283793413584,0.1295650090490285,0.10099809817568217,0.10796156320172823,0.1125247017974051,0.10774376055432566,0.1295650090490285,0.11275164268630253,0.12128722175951125,0.12302080709681176,0.12302080709681176,combined,1.0
Hybrid rerank europe lambda=0.0,0.13922836934187044,0.08358488776581259,0.14567004126401875,0.13628166209365708,0.16682063943099146,0.21088323713025672,0.1991697035626473,0.3048644964305533,0.07909270935752995,0.2767972449418855,19966.405,0.18228919761884768,-0.12467332807556017,-0.03910400180398649,-0.018304985659876677,-0.018304985659876677,0.10703891125077297,-0.0975676348937482,-0.009771869363633334,0.006938241845127369,0.006938241845127369,0.9705390059298499,0.3062792684081085,0.0651485655919325,0.04191300206616855,0.03779380717584857,0.013166708910002456,-0.1724655052891226,-0.030311777709820298,-0.022052114948958285,-0.022052114948958285,0.0,-0.0209771780951879,0.0,0.0,0.0,0.9982028687907529,0.7104255009522455,0.03049204389572302,0.013624624250520245,-0.0008084354006558936,0.0023021180955816096,-0.018253408178597486,-0.005394735636971413,-0.004016000853306417,-0.004016000853306417,0.018937822978796693,-0.00962908789454964,-0.002665622868503588,0.0018975157271732823,-0.00288342551590616,0.005041380176611516,-0.011771986186114462,-0.003236407112905745,-0.0015028217756052282,-0.0015028217756052282,europe,0.0
Hybrid rerank europe lambda=0.1,0.12745633058586384,0.07822181101978193,0.12951414025186872,0.11879486923156918,0.14639326794587237,0.17804128800148697,0.17264629612877463,0.2592337439270867,0.06968559904054612,0.2423590185105467,16886.31275,0.6149716058799768,0.30800908018556894,0.3935784064571426,0.41437742260125243,0.41437742260125243,0.37426835532679836,0.1696618091822772,0.25745757471239206,0.27416768592115276,0.27416768592115276,0.9026885015391365,0.2384287640173951,-0.0027019387987808896,-0.025937502324544837,-0.030056697214864814,0.030403330675667913,-0.15522888352345715,-0.01307515594415484,-0.004815493183292826,-0.004815493183292826,0.0,-0.0209771780951879,0.0,0.0,0.0,0.9891330828669588,0.7013557150284515,0.02142225797192887,0.004554838326726096,-0.009878221324450043,0.006833248357445817,-0.013722277916733281,-0.0008636053751072048,0.0005151294085577896,0.0005151294085577896,0.03045531877418945,0.001888407900843117,0.00885187292688917,0.01341501152256604,0.008634070279486598,0.02569768931142532,0.008884322948699341,0.01741990202190806,0.019153487359208576,0.019153487359208576,europe,0.1
Hybrid rerank europe lambda=0.2,0.09960253204185493,0.060337163688269274,0.09792559627862289,0.08528202409072698,0.10254699170727376,0.11299689441984795,0.11827145996698406,0.16319073716964952,0.04752551661745455,0.17520447696943608,12817.29175,0.8887960026746008,0.5818334769801929,0.6674028032517666,0.6882018193958764,0.6882018193958764,0.5386703194447134,0.33406377330019227,0.42185953883030713,0.43856965003906784,0.43856965003906784,0.860162424927842,0.19590268740610062,-0.04522801541007537,-0.06846357893583932,-0.0725827738261593,0.0403708123451748,-0.14526140185395026,-0.003107674274647955,0.005151988486214058,0.005151988486214058,0.0,-0.0209771780951879,0.0,0.0,0.0,0.9830635738927708,0.6952862060542635,0.015352748997740862,-0.0015146706474619132,-0.015947730298638052,0.00967490412180666,-0.010880622152372437,0.0019780503892536383,0.0033567851729186327,0.0033567851729186327,0.039603990244115005,0.011037079370768671,0.018000544396814724,0.022563682992491594,0.01778274174941215,0.03811429901821683,0.02130093265549085,0.02983651172869957,0.031570097066000086,0.031570097066000086,europe,0.2
Hybrid rerank europe lambda=0.3,0.08292344685859764,0.04701181918786757,0.07685024313745384,0.061303880130153504,0.07917221902002082,0.08282723035657016,0.09044137175864016,0.11865920937630149,0.03536175738771816,0.13775290572535515,11034.2505,0.9759591481412423,0.6689966224468344,0.7545659487184081,0.7753649648625179,0.7753649648625179,0.5947203862955309,0.39011384015100975,0.4779096056811246,0.4946197168898853,0.4946197168898853,0.8471215482036962,0.18286181068195484,-0.05826889213422115,-0.0815044556599851,-0.08562365055030507,0.04322277813370088,-0.1424094360654242,-0.00025570848612187225,0.008003954274740141,0.008003954274740141,0.0,-0.0209771780951879,0.0,0.0,0.0,0.9805804463936384,0.6928030785551311,0.012869621498608486,-0.003997798146594289,-0.018430857797770428,0.010276219248777686,-0.010279307025401412,0.002579365516224664,0.003958100299889658,0.003958100299889658,0.042302812234778206,0.013735901361431872,0.020699366387477925,0.025262504983154795,0.020481563740075353,0.04170481506109037,0.02489144869836439,0.03342702777157311,0.035160613108873626,0.035160613108873626,europe,0.3
Hybrid rerank europe lambda=0.4,0.07648786955059932,0.03998007315612154,0.07004075893351545,0.05215690210817549,0.06936070580640834,0.06712586129593337,0.07793223714036833,0.09509785552920931,0.031408988065869003,0.12354713732242789,10514.698375,0.9963751880649534,0.6894126623705455,0.7749819886421192,0.795781004786229,0.795781004786229,0.6079797238995716,0.4033731777550504,0.49116894328516525,0.507879054493926,0.507879054493926,0.844552594541637,0.1802928570198956,-0.060837845796280376,-0.08407340932204432,-0.0881926042123643,0.043930329064540426,-0.14170188513458465,0.0004518424447176733,0.008711505205579687,0.008711505205579687,0.0,-0.0209771780951879,0.0,0.0,0.0,0.980173471853274,0.6923961040147666,0.012462646958244061,-0.004404772686958713,-0.018837832338134852,0.01047495851516324,-0.010080567759015857,0.002778104782610218,0.004156839566275212,0.004156839566275212,0.04265762867048767,0.014090717797141335,0.021054182823187387,0.025617321418864258,0.020836380175784815,0.042570753238740495,0.025757386876014518,0.034292965949223236,0.03602655128652375,0.03602655128652375,europe,0.4
Hybrid rerank europe lambda=0.5,0.07615985685681846,0.03973007315612154,0.06942230945004788,0.051144997346270725,0.06809074840326196,0.06442348034355243,0.07627525755457873,0.09168903518288898,0.031052665344472753,0.11838140335772708,10366.93675,0.9998973530515326,0.6929348273571247,0.7785041536286984,0.7993031697728082,0.7993031697728082,0.6105720270263818,0.40596548088186063,0.4937612464119755,0.5104713576207363,0.5104713576207363,0.8440544007333131,0.17979466321157167,-0.06133603960460432,-0.08457160313036827,-0.08869079802068824,0.043942443808683944,-0.14168977039044112,0.00046395718886119153,0.008723619949723205,0.008723619949723205,0.0,-0.0209771780951879,0.0,0.0,0.0,0.9801570431342077,0.6923796752957003,0.012446218239177798,-0.004421201406024977,-0.018854261057201116,0.010476676516270454,-0.010078849757908643,0.0027798227837174325,0.004158557567382427,0.004158557567382427,0.042767057350292376,0.014200146476946042,0.021163611502992095,0.025726750098668965,0.020945808855589523,0.042767057350292376,0.025953690987566398,0.03448927006077512,0.03622285539807563,0.03622285539807563,europe,0.5
Hybrid rerank europe lambda=0.6,0.07615985685681846,0.03973007315612154,0.06926325747955049,0.05089499734627072,0.06793169643276459,0.06417348034355243,0.07589348144899065,0.09060570184955564,0.030952665344472753,0.11795092552733534,10364.391875,0.9999999999999999,0.693037474305592,0.7786068005771657,0.7994058167212755,0.7994058167212755,0.6105880196972849,0.40598147355276376,0.4937772390828786,0.5104873502916394,0.5104873502916394,0.8440522850381129,0.17979254751637153,-0.061338155299804464,-0.08457371882556841,-0.08869291371588839,0.043942443808683944,-0.14168977039044112,0.00046395718886119153,0.008723619949723205,0.008723619949723205,0.0,-0.0209771780951879,0.0,0.0,0.0,0.9801557264356596,0.6923783585971524,0.012444901540629716,-0.004422518104573059,-0.018855577755749198,0.010476676516270454,-0.010078849757908643,0.0027798227837174325,0.004158557567382427,0.004158557567382427,0.042767057350292376,0.014200146476946042,0.021163611502992095,0.025726750098668965,0.020945808855589523,0.042767057350292376,0.025953690987566398,0.03448927006077512,0.03622285539807563,0.03622285539807563,europe,0.6
Hybrid rerank europe lambda=0.7,0.07615985685681846,0.03973007315612154,0.06926325747955049,0.05089499734627072,0.06793169643276459,0.06417348034355243,0.07589348144899065,0.09060570184955564,0.030952665344472753,0.11795092552733534,10364.391875,0.9999999999999999,0.693037474305592,0.7786068005771657,0.7994058167212755,0.7994058167212755,0.6105880196972849,0.40598147355276376,0.4937772390828786,0.5104873502916394,0.5104873502916394,0.8440522850381129,0.17979254751637153,-0.061338155299804464,-0.08457371882556841,-0.08869291371588839,0.043942443808683944,-0.14168977039044112,0.00046395718886119153,0.008723619949723205,0.008723619949723205,0.0,-0.0209771780951879,0.0,0.0,0.0,0.9801557264356596,0.6923783585971524,0.012444901540629716,-0.004422518104573059,-0.018855577755749198,0.010476676516270454,-0.010078849757908643,0.0027798227837174325,0.004158557567382427,0.004158557567382427,0.042767057350292376,0.014200146476946042,0.021163611502992095,0.025726750098668965,0.020945808855589523,0.042767057350292376,0.025953690987566398,0.03448927006077512,0.03622285539807563,0.03622285539807563,europe,0.7
Hybrid rerank europe lambda=0.8,0.07615985685681846,0.03973007315612154,0.06926325747955049,0.05089499734627072,0.06793169643276459,0.06417348034355243,0.07589348144899065,0.09060570184955564,0.030952665344472753,0.11795092552733534,10364.391875,0.9999999999999999,0.693037474305592,0.7786068005771657,0.7994058167212755,0.7994058167212755,0.6105880196972849,0.40598147355276376,0.4937772390828786,0.5104873502916394,0.5104873502916394,0.8440522850381129,0.17979254751637153,-0.061338155299804464,-0.08457371882556841,-0.08869291371588839,0.043942443808683944,-0.14168977039044112,0.00046395718886119153,0.008723619949723205,0.008723619949723205,0.0,-0.0209771780951879,0.0,0.0,0.0,0.9801557264356596,0.6923783585971524,0.012444901540629716,-0.004422518104573059,-0.018855577755749198,0.010476676516270454,-0.010078849757908643,0.0027798227837174325,0.004158557567382427,0.004158557567382427,0.042767057350292376,0.014200146476946042,0.021163611502992095,0.025726750098668965,0.020945808855589523,0.042767057350292376,0.025953690987566398,0.03448927006077512,0.03622285539807563,0.03622285539807563,europe,0.8
Hybrid rerank europe lambda=0.9,0.07615985685681846,0.03973007315612154,0.06926325747955049,0.05089499734627072,0.06793169643276459,0.06417348034355243,0.07589348144899065,0.09060570184955564,0.030952665344472753,0.11795092552733534,10364.391875,0.9999999999999999,0.693037474305592,0.7786068005771657,0.7994058167212755,0.7994058167212755,0.6105880196972849,0.40598147355276376,0.4937772390828786,0.5104873502916394,0.5104873502916394,0.8440522850381129,0.17979254751637153,-0.061338155299804464,-0.08457371882556841,-0.08869291371588839,0.043942443808683944,-0.14168977039044112,0.00046395718886119153,0.008723619949723205,0.008723619949723205,0.0,-0.0209771780951879,0.0,0.0,0.0,0.9801557264356596,0.6923783585971524,0.012444901540629716,-0.004422518104573059,-0.018855577755749198,0.010476676516270454,-0.010078849757908643,0.0027798227837174325,0.004158557567382427,0.004158557567382427,0.042767057350292376,0.014200146476946042,0.021163611502992095,0.025726750098668965,0.020945808855589523,0.042767057350292376,0.025953690987566398,0.03448927006077512,0.03622285539807563,0.03622285539807563,europe,0.9
Hybrid rerank europe lambda=1.0,0.07615985685681846,0.03973007315612154,0.06926325747955049,0.05089499734627072,0.06793169643276459,0.06417348034355243,0.07589348144899065,0.09060570184955564,0.030952665344472753,0.11795092552733534,10364.391875,0.9999999999999999,0.693037474305592,0.7786068005771657,0.7994058167212755,0.7994058167212755,0.6105880196972849,0.40598147355276376,0.4937772390828786,0.5104873502916394,0.5104873502916394,0.8440522850381129,0.17979254751637153,-0.061338155299804464,-0.08457371882556841,-0.08869291371588839,0.043942443808683944,-0.14168977039044112,0.00046395718886119153,0.008723619949723205,0.008723619949723205,0.0,-0.0209771780951879,0.0,0.0,0.0,0.9801557264356596,0.6923783585971524,0.012444901540629716,-0.004422518104573059,-0.018855577755749198,0.010476676516270454,-0.010078849757908643,0.0027798227837174325,0.004158557567382427,0.004158557567382427,0.042767057350292376,0.014200146476946042,0.021163611502992095,0.025726750098668965,0.020945808855589523,0.042767057350292376,0.025953690987566398,0.03448927006077512,0.03622285539807563,0.03622285539807563,europe,1.0
Hybrid rerank non_english lambda=0.0,0.13922836934187044,0.08358488776581259,0.14567004126401875,0.13628166209365708,0.16682063943099146,0.21088323713025672,0.1991697035626473,0.3048644964305533,0.07909270935752995,0.2767972449418855,19966.405,0.18228919761884768,-0.12467332807556017,-0.03910400180398649,-0.018304985659876677,-0.018304985659876677,0.10703891125077297,-0.0975676348937482,-0.009771869363633334,0.006938241845127369,0.006938241845127369,0.9705390059298499,0.3062792684081085,0.0651485655919325,0.04191300206616855,0.03779380717584857,0.013166708910002456,-0.1724655052891226,-0.030311777709820298,-0.022052114948958285,-0.022052114948958285,0.0,-0.0209771780951879,0.0,0.0,0.0,0.9982028687907529,0.7104255009522455,0.03049204389572302,0.013624624250520245,-0.0008084354006558936,0.0023021180955816096,-0.018253408178597486,-0.005394735636971413,-0.004016000853306417,-0.004016000853306417,0.018937822978796693,-0.00962908789454964,-0.002665622868503588,0.0018975157271732823,-0.00288342551590616,0.005041380176611516,-0.011771986186114462,-0.003236407112905745,-0.0015028217756052282,-0.0015028217756052282,non_english,0.0
Hybrid rerank non_english lambda=0.1,0.1325937639192139,0.08087888388098242,0.1415467093478967,0.13521833012221868,0.16350672231146604,0.20841730505003322,0.19336909575874495,0.29423398355870484,0.07740829845470876,0.2720619888075764,19162.524,0.23685921625937748,-0.07010330943503038,0.015466016836543306,0.03626503298065312,0.03626503298065312,0.17426184943131548,-0.030344696713205693,0.05745106881690917,0.07416118002566988,0.07416118002566988,0.8537653613642207,0.18950562384247926,-0.051625078973696725,-0.07486064249946067,-0.07897983738978065,0.14841303920648513,-0.037219174992639936,0.10493455258666237,0.11319421534752439,0.11319421534752439,0.0,-0.0209771780951879,0.0,0.0,0.0,0.9981641580141257,0.7103867901756185,0.030453333119095816,0.013585913473893041,-0.0008471461772830979,0.017419265254159152,-0.0031362610200199453,0.00972241152160613,0.011101146305271124,0.011101146305271124,0.025120927537883243,-0.003445983335463091,0.0035174816905829617,0.008080620286259832,0.0032996790431803896,0.012920861459485377,-0.0038925049032406,0.0046430741699681165,0.006376659507268633,0.006376659507268633,non_english,0.1
Hybrid rerank non_english lambda=0.2,0.10686023590879172,0.07361760745639355,0.11022076426044994,0.10681941380610263,0.12286110541562628,0.14789598969252155,0.15163199590143908,0.23120176261901157,0.05971170815028386,0.20964270340077487,13968.241,0.3997257840576699,0.09276325836326205,0.17833258463483573,0.19913160077894554,0.19913160077894554,0.3633349725607028,0.15872842641618162,0.2465241919462965,0.2632343031550572,0.2632343031550572,0.513978610733142,-0.1502811267885994,-0.3914118296047754,-0.41464739313053933,-0.4187665880208593,0.5370571650227624,0.3514249508236373,0.4935786784029396,0.5018383411638017,0.5018383411638017,0.0,-0.0209771780951879,0.0,0.0,0.0,0.9873309878706809,0.6995536200321735,0.019620162975650945,0.0027527433304481708,-0.011680316320727968,0.06488129342710854,0.044325767152929435,0.057184439694555514,0.05856317447822051,0.05856317447822051,0.055383526448241606,0.026816615574895272,0.03378008060094133,0.03834321919661819,0.03356227795353875,0.04152883853210596,0.024715472169379984,0.0332510512425887,0.03498463657988922,0.03498463657988922,non_english,0.2
Hybrid rerank non_english lambda=0.3,0.06195649720014156,0.03876028799296038,0.06390344060694308,0.058033029165830835,0.06790474637765381,0.07334342661782439,0.08689534815461625,0.1297386262429132,0.03204750495938161,0.1308652604390874,8298.489875,0.532175422456972,0.22521289676256417,0.31078222303413783,0.33158123917824767,0.33158123917824767,0.51804573859563,0.3134391924511088,0.40123495798122366,0.41794506918998436,0.41794506918998436,0.24951478524709117,-0.41474495227465025,-0.6558756550908262,-0.6791112186165902,-0.6832304135069102,0.8463297572305337,0.6606975430314086,0.8028512706107109,0.811110933371573,0.811110933371573,0.0,-0.0209771780951879,0.0,0.0,0.0,0.9736824491682348,0.6859050813297274,0.005971624273204856,-0.010895795371997918,-0.025328855023174057,0.10569520972308757,0.08513968344890847,0.09799835599053455,0.09937709077419955,0.09937709077419955,0.08722568328970351,0.058658772416357176,0.06562223744240323,0.0701853760380801,0.06540443479500066,0.06862760187067984,0.05181423550795387,0.060349814581162585,0.0620833999184631,0.0620833999184631,non_english,0.3
Hybrid rerank non_english lambda=0.4,0.032889647625692894,0.019074320197724846,0.03241043751150865,0.025415171880656288,0.035357290352155346,0.03666880807919742,0.044730402290604036,0.06507216600745441,0.015807783791466804,0.07275075333620319,5730.964875,0.5845004838226818,0.277537958128274,0.36310728439984763,0.38390630054395747,0.38390630054395747,0.5781038272143781,0.37349728106985697,0.46129304659997183,0.47800315780873254,0.47800315780873254,0.1472736019052673,-0.5169861356164741,-0.7581168384326501,-0.781352401958414,-0.785471596848734,0.9650633404565412,0.7794311262574161,0.9215848538367184,0.9298445165975805,0.9298445165975805,0.0,-0.0209771780951879,0.0,0.0,0.0,0.9678159052002699,0.6800385373617626,0.00010508030524003509,-0.01676233933996274,-0.03119539899113888,0.11832117710766568,0.09776565083348658,0.11062432337511266,0.11200305815877766,0.11200305815877766,0.09812955378953053,0.06956264291618419,0.07652610794223025,0.08108924653790713,0.07630830529482768,0.07655442591184919,0.05974105954912321,0.06827663862233192,0.07001022395963244,0.07001022395963244,non_english,0.4
Hybrid rerank non_english lambda=0.5,0.022828757527423055,0.012526701150105799,0.02086079353744049,0.014783137248621651,0.02100002800117032,0.019415851716973322,0.026002633739130095,0.035589389070208505,0.008577462604798868,0.04950495049504951,5036.717125,0.5961392128558692,0.2891766871614614,0.37474601343303504,0.3955450295771449,0.3955450295771449,0.5935353040228243,0.3889287578783031,0.476724523408418,0.4934346346171787,0.4934346346171787,0.12231152122674598,-0.5419482162949955,-0.7830789191111714,-0.8063144826369354,-0.8104336775272554,0.9939023164047791,0.808270102205654,0.9504238297849563,0.9586834925458184,0.9586834925458184,0.0,-0.0209771780951879,0.0,0.0,0.0,0.9661000490457948,0.6783226812072876,-0.0016107758492350799,-0.018478195494437855,-0.03291125514561399,0.12121575407295535,0.10066022779877624,0.11351890034040232,0.11489763512406732,0.11489763512406732,0.10071272033879562,0.0721458094654493,0.07910927449149534,0.08367241308717221,0.07889147184409277,0.07862015059460015,0.06180678423187417,0.07034236330508288,0.0720759486423834,0.0720759486423834,non_english,0.5
Hybrid rerank non_english lambda=0.6,0.019037785235611022,0.008264796388201037,0.017284004544162176,0.010164089629574033,0.017044599943773962,0.013606327907449511,0.020637451338658463,0.026604611166952345,0.00661420811440622,0.039603960396039604,4854.53675,0.5984673480164467,0.2915048223220389,0.37707414859361255,0.3978731647377224,0.3978731647377224,0.596590661812842,0.39198411566832086,0.47977988119843573,0.49648999240719643,0.49648999240719643,0.1170192950152801,-0.5472404425064613,-0.7883711453226373,-0.8116067088484012,-0.8157259037387212,0.9997367185475273,0.8141045043484023,0.9562582319277045,0.9645178946885666,0.9645178946885666,0.0,-0.0209771780951879,0.0,0.0,0.0,0.9656943408036023,0.6779169729650949,-0.0020164840914276283,-0.018883903736630403,-0.03331696338780654,0.12177175421474987,0.10121622794057077,0.11407490048219684,0.11545363526586185,0.11545363526586185,0.10116536102263597,0.07259845014928965,0.07956191517533569,0.08412505377101256,0.07934411252793312,0.07881408836239907,0.062000721999673096,0.07053630107288181,0.07226988641018232,0.07226988641018232,non_english,0.6
Hybrid rerank non_english lambda=0.7,0.019037785235611022,0.008264796388201037,0.017284004544162176,0.010164089629574033,0.016895906961951358,0.01335632790744951,0.01942172108345855,0.021985563547904725,0.006593374781072886,0.0383125269048644,4838.96125,0.5986355949307669,0.29167306923635905,0.3772423955079327,0.39804141165204254,0.39804141165204254,0.5967589087271622,0.392152362582641,0.4799481281127559,0.4966582393215166,0.4966582393215166,0.11684032258588058,-0.5474194149358608,-0.7885501177520368,-0.8117856812778007,-0.8159048761681207,0.9999999999999999,0.8143677858008749,0.9565215133801771,0.9647811761410392,0.9647811761410392,0.0,-0.0209771780951879,0.0,0.0,0.0,0.965692777101424,0.6779154092629167,-0.002018047793605926,-0.0188854674388087,-0.03331852708998484,0.12193487697253431,0.10137935069835521,0.11423802323998129,0.1156167580236463,0.1156167580236463,0.10132848378042042,0.07276157290707408,0.07972503793312014,0.08428817652879701,0.07950723528571757,0.07889636539231272,0.06208299902958674,0.07061857810279545,0.07235216344009597,0.07235216344009597,non_english,0.7
Hybrid rerank non_english lambda=0.8,0.019037785235611022,0.008264796388201037,0.017284004544162176,0.010164089629574033,0.016895906961951358,0.01335632790744951,0.01942172108345855,0.021985563547904725,0.006593374781072886,0.0383125269048644,4838.96125,0.5986355949307669,0.29167306923635905,0.3772423955079327,0.39804141165204254,0.39804141165204254,0.5967589087271622,0.392152362582641,0.4799481281127559,0.4966582393215166,0.4966582393215166,0.11684032258588058,-0.5474194149358608,-0.7885501177520368,-0.8117856812778007,-0.8159048761681207,0.9999999999999999,0.8143677858008749,0.9565215133801771,0.9647811761410392,0.9647811761410392,0.0,-0.0209771780951879,0.0,0.0,0.0,0.965692777101424,0.6779154092629167,-0.002018047793605926,-0.0188854674388087,-0.03331852708998484,0.12193487697253431,0.10137935069835521,0.11423802323998129,0.1156167580236463,0.1156167580236463,0.10132848378042042,0.07276157290707408,0.07972503793312014,0.08428817652879701,0.07950723528571757,0.07889636539231272,0.06208299902958674,0.07061857810279545,0.07235216344009597,0.07235216344009597,non_english,0.8
Hybrid rerank non_english lambda=0.9,0.019037785235611022,0.008264796388201037,0.017284004544162176,0.010164089629574033,0.016895906961951358,0.01335632790744951,0.01942172108345855,0.021985563547904725,0.006593374781072886,0.0383125269048644,4838.96125,0.5986355949307669,0.29167306923635905,0.3772423955079327,0.39804141165204254,0.39804141165204254,0.5967589087271622,0.392152362582641,0.4799481281127559,0.4966582393215166,0.4966582393215166,0.11684032258588058,-0.5474194149358608,-0.7885501177520368,-0.8117856812778007,-0.8159048761681207,0.9999999999999999,0.8143677858008749,0.9565215133801771,0.9647811761410392,0.9647811761410392,0.0,-0.0209771780951879,0.0,0.0,0.0,0.965692777101424,0.6779154092629167,-0.002018047793605926,-0.0188854674388087,-0.03331852708998484,0.12193487697253431,0.10137935069835521,0.11423802323998129,0.1156167580236463,0.1156167580236463,0.10132848378042042,0.07276157290707408,0.07972503793312014,0.08428817652879701,0.07950723528571757,0.07889636539231272,0.06208299902958674,0.07061857810279545,0.07235216344009597,0.07235216344009597,non_english,0.9
Hybrid rerank non_english lambda=1.0,0.019037785235611022,0.008264796388201037,0.017284004544162176,0.010164089629574033,0.016895906961951358,0.01335632790744951,0.01942172108345855,0.021985563547904725,0.006593374781072886,0.0383125269048644,4838.96125,0.5986355949307669,0.29167306923635905,0.3772423955079327,0.39804141165204254,0.39804141165204254,0.5967589087271622,0.392152362582641,0.4799481281127559,0.4966582393215166,0.4966582393215166,0.11684032258588058,-0.5474194149358608,-0.7885501177520368,-0.8117856812778007,-0.8159048761681207,0.9999999999999999,0.8143677858008749,0.9565215133801771,0.9647811761410392,0.9647811761410392,0.0,-0.0209771780951879,0.0,0.0,0.0,0.965692777101424,0.6779154092629167,-0.002018047793605926,-0.0188854674388087,-0.03331852708998484,0.12193487697253431,0.10137935069835521,0.11423802323998129,0.1156167580236463,0.1156167580236463,0.10132848378042042,0.07276157290707408,0.07972503793312014,0.08428817652879701,0.07950723528571757,0.07889636539231272,0.06208299902958674,0.07061857810279545,0.07235216344009597,0.07235216344009597,non_english,1.0
Hybrid rerank long_tail lambda=0.0,0.13922836934187044,0.08358488776581259,0.14567004126401875,0.13628166209365708,0.16682063943099146,0.21088323713025672,0.1991697035626473,0.3048644964305533,0.07909270935752995,0.2767972449418855,19966.405,0.18228919761884768,-0.12467332807556017,-0.03910400180398649,-0.018304985659876677,-0.018304985659876677,0.10703891125077297,-0.0975676348937482,-0.009771869363633334,0.006938241845127369,0.006938241845127369,0.9705390059298499,0.3062792684081085,0.0651485655919325,0.04191300206616855,0.03779380717584857,0.013166708910002456,-0.1724655052891226,-0.030311777709820298,-0.022052114948958285,-0.022052114948958285,0.0,-0.0209771780951879,0.0,0.0,0.0,0.9982028687907529,0.7104255009522455,0.03049204389572302,0.013624624250520245,-0.0008084354006558936,0.0023021180955816096,-0.018253408178597486,-0.005394735636971413,-0.004016000853306417,-0.004016000853306417,0.018937822978796693,-0.00962908789454964,-0.002665622868503588,0.0018975157271732823,-0.00288342551590616,0.005041380176611516,-0.011771986186114462,-0.003236407112905745,-0.0015028217756052282,-0.0015028217756052282,long_tail,0.0
Hybrid rerank long_tail lambda=0.1,0.13922836934187044,0.08358488776581259,0.14567004126401875,0.13628166209365708,0.16682063943099146,0.21088323713025672,0.1991697035626473,0.3048644964305533,0.07909270935752995,0.2767972449418855,19966.405,0.18228919761884768,-0.12467332807556017,-0.03910400180398649,-0.018304985659876677,-0.018304985659876677,0.10703891125077297,-0.0975676348937482,-0.009771869363633334,0.006938241845127369,0.006938241845127369,0.9705390059298499,0.3062792684081085,0.0651485655919325,0.04191300206616855,0.03779380717584857,0.013166708910002456,-0.1724655052891226,-0.030311777709820298,-0.022052114948958285,-0.022052114948958285,0.0,-0.0209771780951879,0.0,0.0,0.0,0.9982028687907529,0.7104255009522455,0.03049204389572302,0.013624624250520245,-0.0008084354006558936,0.0023021180955816096,-0.018253408178597486,-0.005394735636971413,-0.004016000853306417,-0.004016000853306417,0.018937822978796693,-0.00962908789454964,-0.002665622868503588,0.0018975157271732823,-0.00288342551590616,0.005041380176611516,-0.011771986186114462,-0.003236407112905745,-0.0015028217756052282,-0.0015028217756052282,long_tail,0.1
Hybrid rerank long_tail lambda=0.2,0.13922836934187044,0.08358488776581259,0.14567004126401875,0.13628166209365708,0.16682063943099146,0.21088323713025672,0.1991697035626473,0.3048644964305533,0.07909270935752995,0.2767972449418855,19966.405,0.18228919761884768,-0.12467332807556017,-0.03910400180398649,-0.018304985659876677,-0.018304985659876677,0.10703891125077297,-0.0975676348937482,-0.009771869363633334,0.006938241845127369,0.006938241845127369,0.9705390059298499,0.3062792684081085,0.0651485655919325,0.04191300206616855,0.03779380717584857,0.013166708910002456,-0.1724655052891226,-0.030311777709820298,-0.022052114948958285,-0.022052114948958285,0.0,-0.0209771780951879,0.0,0.0,0.0,0.9982028687907529,0.7104255009522455,0.03049204389572302,0.013624624250520245,-0.0008084354006558936,0.0023021180955816096,-0.018253408178597486,-0.005394735636971413,-0.004016000853306417,-0.004016000853306417,0.018937822978796693,-0.00962908789454964,-0.002665622868503588,0.0018975157271732823,-0.00288342551590616,0.005041380176611516,-0.011771986186114462,-0.003236407112905745,-0.0015028217756052282,-0.0015028217756052282,long_tail,0.2
Hybrid rerank long_tail lambda=0.3,0.13922836934187044,0.08358488776581259,0.14567004126401875,0.13628166209365708,0.16682063943099146,0.21088323713025672,0.1991697035626473,0.3048644964305533,0.07909270935752995,0.2767972449418855,19966.405,0.18228919761884768,-0.12467332807556017,-0.03910400180398649,-0.018304985659876677,-0.018304985659876677,0.10703891125077297,-0.0975676348937482,-0.009771869363633334,0.006938241845127369,0.006938241845127369,0.9705390059298499,0.3062792684081085,0.0651485655919325,0.04191300206616855,0.03779380717584857,0.013166708910002456,-0.1724655052891226,-0.030311777709820298,-0.022052114948958285,-0.022052114948958285,0.0,-0.0209771780951879,0.0,0.0,0.0,0.9982028687907529,0.7104255009522455,0.03049204389572302,0.013624624250520245,-0.0008084354006558936,0.0023021180955816096,-0.018253408178597486,-0.005394735636971413,-0.004016000853306417,-0.004016000853306417,0.018937822978796693,-0.00962908789454964,-0.002665622868503588,0.0018975157271732823,-0.00288342551590616,0.005041380176611516,-0.011771986186114462,-0.003236407112905745,-0.0015028217756052282,-0.0015028217756052282,long_tail,0.3
Hybrid rerank long_tail lambda=0.4,0.13922836934187044,0.08358488776581259,0.14567004126401875,0.13628166209365708,0.16682063943099146,0.21088323713025672,0.1991697035626473,0.3048644964305533,0.07909270935752995,0.2767972449418855,19966.405,0.18228919761884768,-0.12467332807556017,-0.03910400180398649,-0.018304985659876677,-0.018304985659876677,0.10703891125077297,-0.0975676348937482,-0.009771869363633334,0.006938241845127369,0.006938241845127369,0.9705390059298499,0.3062792684081085,0.0651485655919325,0.04191300206616855,0.03779380717584857,0.013166708910002456,-0.1724655052891226,-0.030311777709820298,-0.022052114948958285,-0.022052114948958285,0.0,-0.0209771780951879,0.0,0.0,0.0,0.9982028687907529,0.7104255009522455,0.03049204389572302,0.013624624250520245,-0.0008084354006558936,0.0023021180955816096,-0.018253408178597486,-0.005394735636971413,-0.004016000853306417,-0.004016000853306417,0.018937822978796693,-0.00962908789454964,-0.002665622868503588,0.0018975157271732823,-0.00288342551590616,0.005041380176611516,-0.011771986186114462,-0.003236407112905745,-0.0015028217756052282,-0.0015028217756052282,long_tail,0.4
Hybrid rerank long_tail lambda=0.5,0.13922836934187044,0.08358488776581259,0.14567004126401875,0.13628166209365708,0.16682063943099146,0.21088323713025672,0.1991697035626473,0.3048644964305533,0.07909270935752995,0.2767972449418855,19966.405,0.18228919761884768,-0.12467332807556017,-0.03910400180398649,-0.018304985659876677,-0.018304985659876677,0.10703891125077297,-0.0975676348937482,-0.009771869363633334,0.006938241845127369,0.006938241845127369,0.9705390059298499,0.3062792684081085,0.0651485655919325,0.04191300206616855,0.03779380717584857,0.013166708910002456,-0.1724655052891226,-0.030311777709820298,-0.022052114948958285,-0.022052114948958285,0.0,-0.0209771780951879,0.0,0.0,0.0,0.9982028687907529,0.7104255009522455,0.03049204389572302,0.013624624250520245,-0.0008084354006558936,0.0023021180955816096,-0.018253408178597486,-0.005394735636971413,-0.004016000853306417,-0.004016000853306417,0.018937822978796693,-0.00962908789454964,-0.002665622868503588,0.0018975157271732823,-0.00288342551590616,0.005041380176611516,-0.011771986186114462,-0.003236407112905745,-0.0015028217756052282,-0.0015028217756052282,long_tail,0.5
Hybrid rerank long_tail lambda=0.6,0.13922836934187044,0.08358488776581259,0.14567004126401875,0.13628166209365708,0.16682063943099146,0.21088323713025672,0.1991697035626473,0.3048644964305533,0.07909270935752995,0.2767972449418855,19966.405,0.18228919761884768,-0.12467332807556017,-0.03910400180398649,-0.018304985659876677,-0.018304985659876677,0.10703891125077297,-0.0975676348937482,-0.009771869363633334,0.006938241845127369,0.006938241845127369,0.9705390059298499,0.3062792684081085,0.0651485655919325,0.04191300206616855,0.03779380717584857,0.013166708910002456,-0.1724655052891226,-0.030311777709820298,-0.022052114948958285,-0.022052114948958285,0.0,-0.0209771780951879,0.0,0.0,0.0,0.9982028687907529,0.7104255009522455,0.03049204389572302,0.013624624250520245,-0.0008084354006558936,0.0023021180955816096,-0.018253408178597486,-0.005394735636971413,-0.004016000853306417,-0.004016000853306417,0.018937822978796693,-0.00962908789454964,-0.002665622868503588,0.0018975157271732823,-0.00288342551590616,0.005041380176611516,-0.011771986186114462,-0.003236407112905745,-0.0015028217756052282,-0.0015028217756052282,long_tail,0.6
Hybrid rerank long_tail lambda=0.7,0.13922836934187044,0.08358488776581259,0.14567004126401875,0.13628166209365708,0.16682063943099146,0.21088323713025672,0.1991697035626473,0.3048644964305533,0.07909270935752995,0.2767972449418855,19966.405,0.18228919761884768,-0.12467332807556017,-0.03910400180398649,-0.018304985659876677,-0.018304985659876677,0.10703891125077297,-0.0975676348937482,-0.009771869363633334,0.006938241845127369,0.006938241845127369,0.9705390059298499,0.3062792684081085,0.0651485655919325,0.04191300206616855,0.03779380717584857,0.013166708910002456,-0.1724655052891226,-0.030311777709820298,-0.022052114948958285,-0.022052114948958285,0.0,-0.0209771780951879,0.0,0.0,0.0,0.9982028687907529,0.7104255009522455,0.03049204389572302,0.013624624250520245,-0.0008084354006558936,0.0023021180955816096,-0.018253408178597486,-0.005394735636971413,-0.004016000853306417,-0.004016000853306417,0.018937822978796693,-0.00962908789454964,-0.002665622868503588,0.0018975157271732823,-0.00288342551590616,0.005041380176611516,-0.011771986186114462,-0.003236407112905745,-0.0015028217756052282,-0.0015028217756052282,long_tail,0.7
Hybrid rerank long_tail lambda=0.8,0.13922836934187044,0.08358488776581259,0.14567004126401875,0.13628166209365708,0.16682063943099146,0.21088323713025672,0.1991697035626473,0.3048644964305533,0.07909270935752995,0.2767972449418855,19966.405,0.18228919761884768,-0.12467332807556017,-0.03910400180398649,-0.018304985659876677,-0.018304985659876677,0.10703891125077297,-0.0975676348937482,-0.009771869363633334,0.006938241845127369,0.006938241845127369,0.9705390059298499,0.3062792684081085,0.0651485655919325,0.04191300206616855,0.03779380717584857,0.013166708910002456,-0.1724655052891226,-0.030311777709820298,-0.022052114948958285,-0.022052114948958285,0.0,-0.0209771780951879,0.0,0.0,0.0,0.9982028687907529,0.7104255009522455,0.03049204389572302,0.013624624250520245,-0.0008084354006558936,0.0023021180955816096,-0.018253408178597486,-0.005394735636971413,-0.004016000853306417,-0.004016000853306417,0.018937822978796693,-0.00962908789454964,-0.002665622868503588,0.0018975157271732823,-0.00288342551590616,0.005041380176611516,-0.011771986186114462,-0.003236407112905745,-0.0015028217756052282,-0.0015028217756052282,long_tail,0.8
Hybrid rerank long_tail lambda=0.9,0.13922836934187044,0.08358488776581259,0.14567004126401875,0.13628166209365708,0.16682063943099146,0.21088323713025672,0.1991697035626473,0.3048644964305533,0.07909270935752995,0.2767972449418855,19966.405,0.18228919761884768,-0.12467332807556017,-0.03910400180398649,-0.018304985659876677,-0.018304985659876677,0.10703891125077297,-0.0975676348937482,-0.009771869363633334,0.006938241845127369,0.006938241845127369,0.9705390059298499,0.3062792684081085,0.0651485655919325,0.04191300206616855,0.03779380717584857,0.013166708910002456,-0.1724655052891226,-0.030311777709820298,-0.022052114948958285,-0.022052114948958285,0.0,-0.0209771780951879,0.0,0.0,0.0,0.9982028687907529,0.7104255009522455,0.03049204389572302,0.013624624250520245,-0.0008084354006558936,0.0023021180955816096,-0.018253408178597486,-0.005394735636971413,-0.004016000853306417,-0.004016000853306417,0.018937822978796693,-0.00962908789454964,-0.002665622868503588,0.0018975157271732823,-0.00288342551590616,0.005041380176611516,-0.011771986186114462,-0.003236407112905745,-0.0015028217756052282,-0.0015028217756052282,long_tail,0.9
Hybrid rerank long_tail lambda=1.0,0.13922836934187044,0.08358488776581259,0.14567004126401875,0.13628166209365708,0.16682063943099146,0.21088323713025672,0.1991697035626473,0.3048644964305533,0.07909270935752995,0.2767972449418855,19966.405,0.18228919761884768,-0.12467332807556017,-0.03910400180398649,-0.018304985659876677,-0.018304985659876677,0.10703891125077297,-0.0975676348937482,-0.009771869363633334,0.006938241845127369,0.006938241845127369,0.9705390059298499,0.3062792684081085,0.0651485655919325,0.04191300206616855,0.03779380717584857,0.013166708910002456,-0.1724655052891226,-0.030311777709820298,-0.022052114948958285,-0.022052114948958285,0.0,-0.0209771780951879,0.0,0.0,0.0,0.9982028687907529,0.7104255009522455,0.03049204389572302,0.013624624250520245,-0.0008084354006558936,0.0023021180955816096,-0.018253408178597486,-0.005394735636971413,-0.004016000853306417,-0.004016000853306417,0.018937822978796693,-0.00962908789454964,-0.002665622868503588,0.0018975157271732823,-0.00288342551590616,0.005041380176611516,-0.011771986186114462,-0.003236407112905745,-0.0015028217756052282,-0.0015028217756052282,long_tail,1.0
Hybrid rerank spain lambda=0.0,0.13922836934187044,0.08358488776581259,0.14567004126401875,0.13628166209365708,0.16682063943099146,0.21088323713025672,0.1991697035626473,0.3048644964305533,0.07909270935752995,0.2767972449418855,19966.405,0.18228919761884768,-0.12467332807556017,-0.03910400180398649,-0.018304985659876677,-0.018304985659876677,0.10703891125077297,-0.0975676348937482,-0.009771869363633334,0.006938241845127369,0.006938241845127369,0.9705390059298499,0.3062792684081085,0.0651485655919325,0.04191300206616855,0.03779380717584857,0.013166708910002456,-0.1724655052891226,-0.030311777709820298,-0.022052114948958285,-0.022052114948958285,0.0,-0.0209771780951879,0.0,0.0,0.0,0.9982028687907529,0.7104255009522455,0.03049204389572302,0.013624624250520245,-0.0008084354006558936,0.0023021180955816096,-0.018253408178597486,-0.005394735636971413,-0.004016000853306417,-0.004016000853306417,0.018937822978796693,-0.00962908789454964,-0.002665622868503588,0.0018975157271732823,-0.00288342551590616,0.005041380176611516,-0.011771986186114462,-0.003236407112905745,-0.0015028217756052282,-0.0015028217756052282,spain,0.0
Hybrid rerank spain lambda=0.1,0.13911903485247876,0.08336440358589776,0.1461127401566007,0.13608469677161972,0.16700511582796362,0.21000821461436459,0.19794464499535513,0.30005660429782305,0.07932963969075237,0.27894963409384416,19830.50125,0.2007908331260328,-0.10617169256837505,-0.020602366296801372,0.00019664984730843882,0.00019664984730843882,0.1285195705774408,-0.07608697556708038,0.011708789963034483,0.028418901171795186,0.028418901171795186,0.9506798120161704,0.28642007449442897,0.045289371678252976,0.02205380815248903,0.017934613262169052,0.03370208646539391,-0.15193012773373116,-0.009776400154428842,-0.001516737393566829,-0.001516737393566829,0.0,-0.0209771780951879,0.0,0.0,0.0,0.9985511662130466,0.7107737983745392,0.030840341318016717,0.013972921672813943,-0.00046013797836219616,0.02775833099180782,0.007202804717628724,0.0200614772592548,0.021440212042919793,0.021440212042919793,0.031629935985996824,0.00306302511265049,0.010026490138696543,0.014589628734373413,0.00980868749129397,0.0182692680387325,0.001455901676006524,0.00999148074921524,0.011725066086515757,0.011725066086515757,spain,0.1
Hybrid rerank spain lambda=0.2,0.12529559980545962,0.07906092450512232,0.12978435289349707,0.12083289888803112,0.15105634150607905,0.19099786127818685,0.1840700674345643,0.2847367486171145,0.07177946255483462,0.2458028411536806,17075.326125,0.3796755749225984,0.07271304922819055,0.15828237549976423,0.17908139164387404,0.17908139164387404,0.32429200350699317,0.11968545736247199,0.20748122289258686,0.22419133410134756,0.22419133410134756,0.8192138649480732,0.15495412742633186,-0.08617657538984413,-0.10941213891560808,-0.11353133380592806,0.1531829441041197,-0.03244927009500537,0.10970445748429694,0.11796412024515895,0.11796412024515895,0.0,-0.0209771780951879,0.0,0.0,0.0,0.996417982008726,0.7086406141702186,0.02870715711369609,0.011839737468493317,-0.0025933221826828223,0.257186450155987,0.23663092388180793,0.249489596423434,0.250868331207099,0.250868331207099,0.13495358908367938,0.10638667821033304,0.1133501432363791,0.11791328183205597,0.11313234058897653,0.12533434426188983,0.10852097789916385,0.11705655697237256,0.11879014230967308,0.11879014230967308,spain,0.2
Hybrid rerank spain lambda=0.3,0.08679027032927396,0.057192122053019254,0.0850068341199664,0.08003793850439787,0.10248695804424068,0.12490579202697122,0.152209545017373,0.2676341615584172,0.04683740238625925,0.18682737839001293,11779.29925,0.6690087158126746,0.3620461901182668,0.44761551638984043,0.46841453253395027,0.46841453253395027,0.6381228107970319,0.43351626465251075,0.5213120301826256,0.5380221413913864,0.5380221413913864,0.6384006174844139,-0.025859120037327488,-0.2669898228535035,-0.2902253863792674,-0.2943445812695874,0.29991885049426975,0.11428663629514468,0.256440363874447,0.264700026635309,0.264700026635309,0.0,-0.0209771780951879,0.0,0.0,0.0,0.9845174588179898,0.6967400909794825,0.01680663392295989,-6.0785722242884255e-05,-0.014493845373419023,0.606454393053631,0.5858988667794519,0.598757539321078,0.600136274104743,0.600136274104743,0.2737069127272608,0.24514000185391444,0.2521034668799605,0.25666660547563735,0.2518856642325579,0.26885188866538856,0.2520385223026626,0.2605741013758713,0.26230768671317184,0.26230768671317184,spain,0.3
Hybrid rerank spain lambda=0.4,0.041561610835003066,0.02359741311287773,0.04310482320264836,0.040339718270207964,0.05489437235336985,0.07106083873276668,0.12002062490245806,0.2540288681850124,0.022242010412285594,0.12354713732242789,7584.686125,0.8681793059010158,0.5612167802066079,0.6467861064781816,0.6675851226222914,0.6675851226222914,0.8544277752286393,0.6498212290841181,0.737616994614233,0.7543271058229937,0.7543271058229937,0.5102484488934513,-0.15401128862829006,-0.39514199144446605,-0.41837755497023,-0.42249674986054997,0.4015008571082304,0.21586864290910535,0.3580223704884077,0.36628203324926967,0.36628203324926967,0.0,-0.0209771780951879,0.0,0.0,0.0,0.9710800573072902,0.6833026894687828,0.0033692324122602813,-0.013498187232942493,-0.027931246884118632,0.8430665908669138,0.8225110645927347,0.8353697371343608,0.8367484719180258,0.8367484719180258,0.3548683195076279,0.3263014086342816,0.33326487366032764,0.3378280122560045,0.3330470710129251,0.35301289104175454,0.3361995246790286,0.34473510375223726,0.3464686890895378,0.3464686890895378,spain,0.4
Hybrid rerank spain lambda=0.5,0.019308255514094434,0.009437782542508835,0.018587455440683326,0.015619320036130223,0.025920233106041916,0.03484553704004842,0.10322140425949133,0.2518893848258793,0.009578730150681072,0.07920792079207921,5078.048,0.9587887640436358,0.6518262383492279,0.7373955646208016,0.7581945807649114,0.7581945807649114,0.9539074912801686,0.7493009451356474,0.8370967106657623,0.853806821874523,0.853806821874523,0.45178946386686436,-0.21247027365487703,-0.453600976471053,-0.47683653999681697,-0.48095573488713694,0.442248949285123,0.2566167350859979,0.39877046266530025,0.40703012542616224,0.40703012542616224,0.0,-0.0209771780951879,0.0,0.0,0.0,0.9637772505244567,0.6759998826859495,-0.0039335743705731785,-0.020800994015775953,-0.03523405366695209,0.9503504928420113,0.9297949665678322,0.9426536391094583,0.9440323738931233,0.9440323738931233,0.386164622903187,0.35759771202984064,0.3645611770558867,0.36912431565156356,0.36434337440848413,0.38543563349053644,0.3686222671278105,0.37715784620101916,0.3788914315383197,0.3788914315383197,spain,0.5
Hybrid rerank spain lambda=0.6,0.012168681895368244,0.0034854015901278836,0.01080640204295445,0.008249190166000352,0.013637885158913343,0.017870757584038312,0.09690021361153317,0.2516393848258793,0.00409818728420702,0.04304778303917348,3942.701875,0.9891993323467565,0.6822368066523486,0.7678061329239223,0.7886051490680321,0.7886051490680321,0.9874862852336633,0.7828797390891422,0.870675504619257,0.8873856158280178,0.8873856158280178,0.4317606905556879,-0.2324990469660535,-0.4736297497822295,-0.49686531330799344,-0.5009845081983134,0.4542119245376594,0.26857971033853434,0.4107334379178367,0.41899310067869866,0.41899310067869866,0.0,-0.0209771780951879,0.0,0.0,0.0,0.962152201249453,0.6743748334109456,-0.00555862364557691,-0.022426043290779685,-0.036859102941955824,0.9864659010563035,0.9659103747821244,0.9787690473237505,0.9801477821074155,0.9801477821074155,0.3943591667736419,0.36579225590029557,0.3727557209263416,0.3773188595220185,0.37253791827893906,0.3941714252644835,0.37735805890175755,0.38589363797496623,0.3876272233122668,0.3876272233122668,spain,0.6
Hybrid rerank spain lambda=0.7,0.011744731638776222,0.003235401590127884,0.009417559664268165,0.004665856832667019,0.00944390133750834,0.007642450183963178,0.09597064416385052,0.2516393848258793,0.0032631374412624412,0.025398191993112353,3566.039,0.9962813574073831,0.6893188317129753,0.7748881579845489,0.7956871741286587,0.7956871741286587,0.9961170325545453,0.7915104864100242,0.879306251940139,0.8960163631488998,0.8960163631488998,0.4275375610201931,-0.2367221765015483,-0.4778528793177243,-0.5010884428434883,-0.5052076377338082,0.45658895550333267,0.2709567413042076,0.41311046888350994,0.4213701316443719,0.4213701316443719,0.0,-0.0209771780951879,0.0,0.0,0.0,0.9618602289426229,0.6740828611041156,-0.005850595952407001,-0.022718015597609775,-0.037151075248785914,0.9955313249559778,0.9749757986817987,0.9878344712234248,0.9892132060070898,0.9892132060070898,0.3959514419166726,0.36738453104332625,0.3743479960693723,0.37891113466504917,0.37413019342196974,0.3958705961888018,0.37905722982607587,0.38759280889928455,0.3893263942365851,0.3893263942365851,spain,0.7
Hybrid rerank spain lambda=0.8,0.011744731638776222,0.003235401590127884,0.009417559664268165,0.004665856832667019,0.00876366499130521,0.0060234025649155585,0.09580450416539552,0.2516393848258793,0.0031703547366376313,0.019801980198019802,3479.88975,0.997864598172427,0.6909020724780192,0.7764713987495928,0.7972704148937027,0.7972704148937027,0.9977824357460079,0.7931758896014867,0.8809716551316016,0.8976817663403622,0.8976817663403622,0.42678443372889957,-0.23747530379284182,-0.4786060066090178,-0.5018415701347818,-0.5059607650251017,0.45700739999574175,0.2713751857966167,0.413528913375919,0.421788576136781,0.421788576136781,0.0,-0.0209771780951879,0.0,0.0,0.0,0.9618557629409247,0.6740783951024174,-0.005855061954105234,-0.02272248159930801,-0.03715554125048415,0.9971967281474405,0.9766412018732614,0.9894998744148875,0.9908786091985525,0.9908786091985525,0.39621196684640025,0.3676450559730539,0.37460852099909997,0.37917165959477683,0.3743907183516974,0.39621196684640025,0.3793986004836743,0.387934179556883,0.38966776489418353,0.38966776489418353,spain,0.8
Hybrid rerank spain lambda=0.9,0.011744731638776222,0.003235401590127884,0.009417559664268165,0.004665856832667019,0.00876366499130521,0.0060234025649155585,0.09577740755151602,0.2516393848258793,0.0031703547366376313,0.019801980198019802,3479.88975,0.997864598172427,0.6909020724780192,0.7764713987495928,0.7972704148937027,0.7972704148937027,0.9977824357460079,0.7931758896014867,0.8809716551316016,0.8976817663403622,0.8976817663403622,0.42678443372889957,-0.23747530379284182,-0.4786060066090178,-0.5018415701347818,-0.5059607650251017,0.45700739999574175,0.2713751857966167,0.413528913375919,0.421788576136781,0.421788576136781,0.0,-0.0209771780951879,0.0,0.0,0.0,0.9618557629409247,0.6740783951024174,-0.005855061954105234,-0.02272248159930801,-0.03715554125048415,0.9971967281474405,0.9766412018732614,0.9894998744148875,0.9908786091985525,0.9908786091985525,0.39621196684640025,0.3676450559730539,0.37460852099909997,0.37917165959477683,0.3743907183516974,0.39621196684640025,0.3793986004836743,0.387934179556883,0.38966776489418353,0.38966776489418353,spain,0.9
Hybrid rerank spain lambda=1.0,0.011744731638776222,0.003235401590127884,0.009417559664268165,0.004665856832667019,0.00876366499130521,0.0060234025649155585,0.09577588560982722,0.2516393848258793,0.0031703547366376313,0.019801980198019802,3479.88975,0.997864598172427,0.6909020724780192,0.7764713987495928,0.7972704148937027,0.7972704148937027,0.9977824357460079,0.7931758896014867,0.8809716551316016,0.8976817663403622,0.8976817663403622,0.42678443372889957,-0.23747530379284182,-0.4786060066090178,-0.5018415701347818,-0.5059607650251017,0.45700739999574175,0.2713751857966167,0.413528913375919,0.421788576136781,0.421788576136781,0.0,-0.0209771780951879,0.0,0.0,0.0,0.9618557629409247,0.6740783951024174,-0.005855061954105234,-0.02272248159930801,-0.03715554125048415,0.9971967281474405,0.9766412018732614,0.9894998744148875,0.9908786091985525,0.9908786091985525,0.39621196684640025,0.3676450559730539,0.37460852099909997,0.37917165959477683,0.3743907183516974,0.39621196684640025,0.3793986004836743,0.387934179556883,0.38966776489418353,0.38966776489418353,spain,1.0
